{
  "overall": {
    "n": 399,
    "correct": 206,
    "accuracy": 0.5162907268170426
  },
  "by_domain": {
    "地理": {
      "n": 37,
      "correct": 24,
      "accuracy": 0.6486486486486487
    },
    "歴史": {
      "n": 34,
      "correct": 20,
      "accuracy": 0.5882352941176471
    },
    "文学": {
      "n": 34,
      "correct": 18,
      "accuracy": 0.5294117647058824
    },
    "食文化": {
      "n": 32,
      "correct": 12,
      "accuracy": 0.375
    },
    "伝統文化": {
      "n": 35,
      "correct": 21,
      "accuracy": 0.6
    },
    "政治・制度": {
      "n": 35,
      "correct": 20,
      "accuracy": 0.5714285714285714
    },
    "生活・慣習": {
      "n": 31,
      "correct": 8,
      "accuracy": 0.25806451612903225
    },
    "地域・観光": {
      "n": 30,
      "correct": 17,
      "accuracy": 0.5666666666666667
    },
    "スポーツ": {
      "n": 34,
      "correct": 15,
      "accuracy": 0.4411764705882353
    },
    "科学技術・産業": {
      "n": 33,
      "correct": 14,
      "accuracy": 0.42424242424242425
    },
    "宗教・信仰": {
      "n": 32,
      "correct": 25,
      "accuracy": 0.78125
    },
    "言語": {
      "n": 32,
      "correct": 12,
      "accuracy": 0.375
    }
  }
}
